Target,Mean R²,Std R²,Mean MAE,Std MAE,Mean RMSE,Std RMSE
H₂ Production,0.9418200432357974,0.05480913789834666,1.5906253195844133e-06,2.4640539253675293e-07,2.6978913729005947e-06,1.0535886528197884e-06
Efficiency,0.9998766658592381,3.9738104499887704e-05,0.00043910378453674334,6.340446734472025e-05,0.0006025426486968791,0.00010822268130137303
Voltage Loss,0.9998921348055523,2.841070598320648e-05,0.0010698142447518298,0.00013930843759281906,0.0014119217251423455,0.00020121903077953936
Degradation Index,0.9795491841893884,0.003580402959871041,0.01632812624137057,0.0008403324147605251,0.022757925865623564,0.0008285577454528012
