Target,R²,MAE,RMSE,MAPE (%)
Faraday H2,0.9955334634619051,3.510571111933594e-07,8.522558236827722e-07,1.8703937750964406
Efficiency,0.9999998245621817,2.040305421228794e-05,2.4080769166750443e-05,0.0029531640118306036
Voltage Loss,0.9999999999993487,8.45479641098379e-08,1.169019361148892e-07,1.632064408709623e-05
Degradation Index,0.9648822470235487,0.02909258320595176,0.036029529542131636,10.346766951764078
