Target,GPR_R2,GPR_MAE,GPR_RMSE
H₂ Production,0.03578628195326927,9.403139485529844e-06,1.1415036439600156e-05
Efficiency,-0.02111783517306054,0.0429360134128589,0.051396619205206606
Voltage Loss,-0.025002817460990867,0.1095804342827212,0.1307454762519669
Degradation,0.006736607100496506,0.11960484568550186,0.1424263697011074
