,Temperature,Voltage,Conductivity,H2,Efficiency,Voltage Loss,Degradation
High Production,371.302618060362,1.9993996071543496,18.10503985885649,7.504028490431939e-05,0.5999778146164964,0.799498530827184,0.7775494226011406
Balanced,383.12665842765085,1.5684037379525337,17.771845752939303,1.4792495834040254e-05,0.7649866082479149,0.368504380540204,0.14039261400614347
Conservative,320.2284531346544,1.5000005916555434,15.840462303589597,7.797097730907317e-07,0.7997933150515091,0.30010118152091986,0.017614414757795627
