Target,External R²,External MAE,External RMSE,External MAPE (%)
H₂ Production,0.9514024952989866,1.841499665991431e-06,2.8111985313115478e-06,13.480014793512105
Efficiency,0.9999905895137167,0.00013819762613574317,0.00017636596488779024,0.019728882577456384
Voltage Loss,0.9999871732278937,0.0004124959999994737,0.0005188213380340507,0.08117097567350999
Degradation Index,0.9503678825795455,0.03227029010354046,0.04283281656578572,12.626280999737673
